{"eval/loss": 2.426743745803833, "eval/accuracy": 0.25, "eval/runtime": 35.6397, "eval/samples_per_second": 0.561, "eval/steps_per_second": 0.084, "train/epoch": 3.0, "train/global_step": 3, "_timestamp": 1718137898.423805, "_runtime": 151.84681606292725, "_step": 4, "train/loss": 2.1373, "train/grad_norm": 46.06612777709961, "train/learning_rate": 3.3333333333333335e-05, "train_runtime": 161.7529, "train_samples_per_second": 0.056, "train_steps_per_second": 0.019, "total_flos": 1770976068480.0, "train_loss": 2.0681883096694946, "_wandb": {"runtime": 184}}