{"train/loss": 3.2046, "train/grad_norm": 4.263136863708496, "train/learning_rate": 0.0, "train/epoch": 1.0, "train/global_step": 2, "_timestamp": 1718315044.7552743, "_runtime": 16.691630363464355, "_step": 4, "eval/loss": 2.9715518951416016, "eval/runtime": 2.6185, "eval/samples_per_second": 1.146, "eval/steps_per_second": 0.764, "train_runtime": 19.9497, "train_samples_per_second": 0.15, "train_steps_per_second": 0.1, "total_flos": 671073361920.0, "train_loss": 3.1958879232406616, "_wandb": {"runtime": 15}}