{"train/loss": 0.3645, "train/grad_norm": 31.834760665893555, "train/learning_rate": 0.0, "train/epoch": 3.0, "train/global_step": 6, "_timestamp": 1718185039.0299132, "_runtime": 196.0153591632843, "_step": 12, "eval/loss": 1.619994878768921, "eval/accuracy": 0.2, "eval/runtime": 25.361, "eval/samples_per_second": 0.789, "eval/steps_per_second": 0.394, "train_runtime": 200.4862, "train_samples_per_second": 0.045, "train_steps_per_second": 0.03, "total_flos": 1770976068480.0, "train_loss": 0.555179238319397, "_wandb": {"runtime": 223}}