{"train/loss": 1.5878, "train/grad_norm": 76.45699310302734, "train/learning_rate": 0.0, "train/epoch": 1.0, "train/global_step": 1, "_timestamp": 1718287215.6269646, "_runtime": 6.636382579803467, "_step": 2, "eval/loss": 3.174973249435425, "eval/accuracy": 0.0, "eval/runtime": 1.3139, "eval/samples_per_second": 0.761, "eval/steps_per_second": 0.761, "train_runtime": 12.0868, "train_samples_per_second": 0.083, "train_steps_per_second": 0.083, "total_flos": 336558844440.0, "train_loss": 1.5878361463546753, "_wandb": {"runtime": 83}}