{"train/loss": 6.0726, "train/grad_norm": 218.48977661132812, "train/learning_rate": 0.0, "train/epoch": 1.0, "train/global_step": 2, "_timestamp": 1718285650.6728306, "_runtime": 217.8142466545105, "_step": 4, "eval/loss": 3.587907075881958, "eval/accuracy": 0.3333333333333333, "eval/runtime": 9.4362, "eval/samples_per_second": 0.318, "eval/steps_per_second": 0.212, "train_runtime": 222.9815, "train_samples_per_second": 0.013, "train_steps_per_second": 0.009, "total_flos": 587567928960.0, "train_loss": 3.794024348258972, "_wandb": {"runtime": 267}}