{"train/loss": 0.9146, "train/grad_norm": 61.491302490234375, "train/learning_rate": 0.0, "train/epoch": 3.0, "train/global_step": 6, "_timestamp": 1718187764.7087219, "_runtime": 174.411780834198, "_step": 12, "eval/loss": 1.554864525794983, "eval/accuracy": 0.35, "eval/runtime": 25.6419, "eval/samples_per_second": 0.78, "eval/steps_per_second": 0.39, "train_runtime": 179.8732, "train_samples_per_second": 0.05, "train_steps_per_second": 0.033, "total_flos": 1770976068480.0, "train_loss": 2.031037221352259, "_wandb": {"runtime": 194}}