{"train/loss": 3.2745, "train/grad_norm": 3.300671339035034, "train/learning_rate": 0.0, "train/epoch": 1.0, "train/global_step": 2, "_timestamp": 1718294249.921057, "_runtime": 21.35138487815857, "_step": 4, "eval/loss": 3.059840440750122, "eval/runtime": 2.5493, "eval/samples_per_second": 1.177, "eval/steps_per_second": 0.785, "train_runtime": 25.4868, "train_samples_per_second": 0.118, "train_steps_per_second": 0.078, "total_flos": 664106065920.0, "train_loss": 3.2308661937713623, "_wandb": {"runtime": 19}}