{"train/loss": 8.7769, "train/grad_norm": 322.4152526855469, "train/learning_rate": 0.0, "train/epoch": 1.0, "train/global_step": 2, "_timestamp": 1718272809.1802528, "_runtime": 177.4522876739502, "_step": 4, "eval/loss": 3.6872596740722656, "eval/accuracy": 0.3333333333333333, "eval/runtime": 7.5297, "eval/samples_per_second": 0.398, "eval/steps_per_second": 0.266, "train_runtime": 181.2942, "train_samples_per_second": 0.017, "train_steps_per_second": 0.011, "total_flos": 587567928960.0, "train_loss": 4.848595082759857, "_wandb": {"runtime": 185}}