{"train/loss": 3.273, "train/grad_norm": 3.379415988922119, "train/learning_rate": 0.0, "train/epoch": 1.0, "train/global_step": 2, "_timestamp": 1718294131.812355, "_runtime": 16.008877992630005, "_step": 4, "eval/loss": 3.0586998462677, "eval/runtime": 3.181, "eval/samples_per_second": 0.943, "eval/steps_per_second": 0.629, "train_runtime": 19.9963, "train_samples_per_second": 0.15, "train_steps_per_second": 0.1, "total_flos": 664106065920.0, "train_loss": 3.230120897293091, "_wandb": {"runtime": 14}}