{"train/loss": 0.2742, "train/grad_norm": 28.383228302001953, "train/learning_rate": 0.0, "train/epoch": 1.0, "train/global_step": 2, "_timestamp": 1718188224.8605928, "_runtime": 15.84598183631897, "_step": 4, "eval/loss": 1.58383047580719, "eval/accuracy": 0.3333333333333333, "eval/runtime": 3.1527, "eval/samples_per_second": 0.952, "eval/steps_per_second": 0.634, "train_runtime": 20.6747, "train_samples_per_second": 0.145, "train_steps_per_second": 0.097, "total_flos": 590325356160.0, "train_loss": 1.236098274588585, "_wandb": {"runtime": 25}}