{"train/loss": 3.7106, "train/grad_norm": 3.2813048362731934, "train/learning_rate": 0.0, "train/epoch": 1.0, "train/global_step": 2, "_timestamp": 1718315263.6598244, "_runtime": 15.720941305160522, "_step": 4, "eval/loss": 3.2896296977996826, "eval/runtime": 2.97, "eval/samples_per_second": 1.01, "eval/steps_per_second": 0.673, "train_runtime": 18.8948, "train_samples_per_second": 0.159, "train_steps_per_second": 0.106, "total_flos": 666693918720.0, "train_loss": 3.5257734060287476, "_wandb": {"runtime": 14}}