{"train/loss": 0.8457, "train/grad_norm": 37.935489654541016, "train/learning_rate": 8.333333333333334e-05, "train/epoch": 0.5, "train/global_step": 1, "_timestamp": 1718139939.855, "_runtime": 12.73877501487732, "_step": 0, "_wandb": {"runtime": 17}}