{"eval/loss": 1.8531545400619507, "eval/accuracy": 0.15, "eval/runtime": 34.4707, "eval/samples_per_second": 0.58, "eval/steps_per_second": 0.087, "train/epoch": 3.0, "train/global_step": 3, "_timestamp": 1718138120.0224204, "_runtime": 128.48341536521912, "_step": 4, "train/loss": 0.8846, "train/grad_norm": 24.38104248046875, "train/learning_rate": 3.3333333333333335e-05, "train_runtime": 133.3574, "train_samples_per_second": 0.067, "train_steps_per_second": 0.022, "total_flos": 1770976068480.0, "train_loss": 0.8347951372464498, "_wandb": {"runtime": 139}}