{"train/loss": 2.5082, "train/grad_norm": 94.11910247802734, "train/learning_rate": 0.0, "train/epoch": 3.0, "train/global_step": 6, "_timestamp": 1718140395.757151, "_runtime": 377.4581878185272, "_step": 12, "eval/loss": 1.7329835891723633, "eval/accuracy": 0.3, "eval/runtime": 39.6238, "eval/samples_per_second": 0.505, "eval/steps_per_second": 0.252, "train_runtime": 389.1986, "train_samples_per_second": 0.023, "train_steps_per_second": 0.015, "total_flos": 1770976068480.0, "train_loss": 1.376265009244283, "_wandb": {"runtime": 405}}