{"train/loss": 0.4678, "train/grad_norm": 32.93717575073242, "train/learning_rate": 0.0, "train/epoch": 1.0, "train/global_step": 1, "_timestamp": 1718287422.7195044, "_runtime": 7.5485923290252686, "_step": 2, "eval/loss": 1.925389051437378, "eval/accuracy": 0.0, "eval/runtime": 0.9447, "eval/samples_per_second": 1.058, "eval/steps_per_second": 1.058, "train_runtime": 12.3895, "train_samples_per_second": 0.081, "train_steps_per_second": 0.081, "total_flos": 319010367000.0, "train_loss": 0.4678327143192291, "_wandb": {"runtime": 117}}