{"train/loss": 0.6556, "train/grad_norm": 47.53216552734375, "train/learning_rate": 0.0, "train/epoch": 1.0, "train/global_step": 1, "_timestamp": 1718285977.6514482, "_runtime": 10.673954248428345, "_step": 2, "eval/loss": 4.267646312713623, "eval/accuracy": 0.0, "eval/runtime": 1.187, "eval/samples_per_second": 0.842, "eval/steps_per_second": 0.842, "train_runtime": 19.3103, "train_samples_per_second": 0.052, "train_steps_per_second": 0.052, "total_flos": 473969235480.0, "train_loss": 0.6556333899497986, "_wandb": {"runtime": 152}}