{"train/loss": 1.2223, "train/grad_norm": 79.58759307861328, "train/learning_rate": 3.3333333333333335e-05, "train/epoch": 2.0, "train/global_step": 4, "_timestamp": 1718139829.7634864, "_runtime": 159.44104933738708, "_step": 6, "eval/loss": 1.7716395854949951, "eval/accuracy": 0.2, "eval/runtime": 45.3057, "eval/samples_per_second": 0.441, "eval/steps_per_second": 0.221, "_wandb": {"runtime": 159}}