{"train/loss": 4.1851, "train/grad_norm": 90.61772918701172, "train/learning_rate": 0.0, "train/epoch": 1.0, "train/global_step": 2, "_timestamp": 1718273341.7215269, "_runtime": 188.1036298274994, "_step": 4, "eval/loss": 2.2824575901031494, "eval/accuracy": 0.3333333333333333, "eval/runtime": 7.2962, "eval/samples_per_second": 0.411, "eval/steps_per_second": 0.274, "train_runtime": 191.9895, "train_samples_per_second": 0.016, "train_steps_per_second": 0.01, "total_flos": 587567928960.0, "train_loss": 3.578852891921997, "_wandb": {"runtime": 207}}