{"train/loss": 1.0593, "train/grad_norm": 35.39799880981445, "train/learning_rate": 6.666666666666667e-05, "train/epoch": 1.0, "train/global_step": 2, "_timestamp": 1718139194.4687693, "_runtime": 16.928864240646362, "_step": 0, "_wandb": {"runtime": 70}}