{"train/loss": 0.1368, "train/grad_norm": 14.731575965881348, "train/learning_rate": 0.0, "train/epoch": 1.0, "train/global_step": 2, "_timestamp": 1718267566.629444, "_runtime": 14.496079921722412, "_step": 4, "eval/loss": 1.8144855499267578, "eval/accuracy": 0.0, "eval/runtime": 2.9062, "eval/samples_per_second": 1.032, "eval/steps_per_second": 0.688, "train_runtime": 18.1928, "train_samples_per_second": 0.165, "train_steps_per_second": 0.11, "total_flos": 590325356160.0, "train_loss": 1.929830640554428, "_wandb": {"runtime": 24}}