{"train/loss": 3.2054, "train/grad_norm": 4.274796485900879, "train/learning_rate": 0.0, "train/epoch": 1.0, "train/global_step": 2, "_timestamp": 1718315101.585042, "_runtime": 16.085529088974, "_step": 4, "eval/loss": 2.971703290939331, "eval/runtime": 2.8346, "eval/samples_per_second": 1.058, "eval/steps_per_second": 0.706, "train_runtime": 19.4491, "train_samples_per_second": 0.154, "train_steps_per_second": 0.103, "total_flos": 671073361920.0, "train_loss": 3.1963084936141968, "_wandb": {"runtime": 14}}