{"train/loss": 1.4701, "train/grad_norm": 109.0776596069336, "train/learning_rate": 0.0, "train/epoch": 3.0, "train/global_step": 6, "_timestamp": 1718138532.0505843, "_runtime": 127.74997019767761, "_step": 4, "eval/loss": 1.9527887105941772, "eval/accuracy": 0.35, "eval/runtime": 59.7409, "eval/samples_per_second": 0.335, "eval/steps_per_second": 0.167, "_wandb": {"runtime": 164}}