{"train/loss": 3.7259, "train/grad_norm": 118.69215393066406, "train/learning_rate": 6.666666666666667e-05, "train/epoch": 1.0, "train/global_step": 2, "_timestamp": 1718138654.4428303, "_runtime": 14.736110210418701, "_step": 0, "_wandb": {"runtime": 56}}