{"train/loss": 3.2024, "train/grad_norm": 4.261514663696289, "train/learning_rate": 0.0, "train/epoch": 1.0, "train/global_step": 2, "_timestamp": 1718315153.2828505, "_runtime": 16.600086450576782, "_step": 4, "eval/loss": 2.9702584743499756, "eval/runtime": 2.8031, "eval/samples_per_second": 1.07, "eval/steps_per_second": 0.713, "train_runtime": 19.6664, "train_samples_per_second": 0.153, "train_steps_per_second": 0.102, "total_flos": 671073361920.0, "train_loss": 3.1948301792144775, "_wandb": {"runtime": 15}}