{"eval/loss": 1.6064321994781494, "eval/accuracy": 0.25, "eval/runtime": 33.8805, "eval/samples_per_second": 0.59, "eval/steps_per_second": 0.089, "train/epoch": 3.0, "train/global_step": 3, "_timestamp": 1718138307.8304079, "_runtime": 118.44853687286377, "_step": 4, "train/loss": 1.4753, "train/grad_norm": 36.81447219848633, "train/learning_rate": 3.3333333333333335e-05, "train_runtime": 122.8026, "train_samples_per_second": 0.073, "train_steps_per_second": 0.024, "total_flos": 1770976068480.0, "train_loss": 1.4213674863179524, "_wandb": {"runtime": 155}}