{"train/loss": 4.7417, "train/grad_norm": 128.05233764648438, "train/learning_rate": 6.666666666666667e-05, "train/epoch": 1.0, "train/global_step": 2, "_timestamp": 1718139466.4622474, "_runtime": 65.96550226211548, "_step": 2, "eval/loss": 1.8267161846160889, "eval/accuracy": 0.3, "eval/runtime": 47.4748, "eval/samples_per_second": 0.421, "eval/steps_per_second": 0.211, "_wandb": {"runtime": 79}}